name,email,date_of_birth,mobile_no,first_name,last_name,above_18,membership_id
Sherry Gonzalez,Sherry_Gonzalez@caldwell.biz,19730314,66744895,Sherry,Gonzalez,True,Gonzalez_345f8
David Brown,David_Brown@jackson-smith.biz,20010922,69082983,David,Brown,True,Brown_e4d2b
Denise Glass,Denise_Glass@calderon.org,19820531,77863943,Denise,Glass,True,Glass_a6a8f
Lori Zimmerman,Lori_Zimmerman@smith-bradley.biz,19980217,14572007,Lori,Zimmerman,True,Zimmerman_3bb25
Aaron Wilson,Aaron_Wilson@burke-benton.net,19870517,75053391,Aaron,Wilson,True,Wilson_6845c
Evan Bradford,Evan_Bradford@may.biz,19550111,28249239,Evan,Bradford,True,Bradford_d5e32
Samuel Lee,Samuel_Lee@gardner-rodriguez.net,19740209,57636831,Samuel,Lee,True,Lee_0e572
Rebekah Jackson,Rebekah_Jackson@cook.info,19680514,14674871,Rebekah,Jackson,True,Jackson_feb2c
Jennifer Weaver,Jennifer_Weaver@patterson.com,19781015,74152151,Jennifer,Weaver,True,Weaver_feb81
Amber Smith,Amber_Smith@ho.biz,19681229,54476327,Amber,Smith,True,Smith_8b9ee
Leonard Hamilton,Leonard_Hamilton@brown.com,19880229,76082775,Leonard,Hamilton,True,Hamilton_f2276
Kathy Phillips,Kathy_Phillips@floyd.com,19841216,57829247,Kathy,Phillips,True,Phillips_608c9
Derek Romero,Derek_Romero@ramos.org,19670608,35013079,Derek,Romero,True,Romero_8d2b1
Jennifer Jimenez,Jennifer_Jimenez@morgan.com,19921121,59592559,Jennifer,Jimenez,True,Jimenez_5ed59
Wesley Combs,Wesley_Combs@bright-zimmerman.biz,19651230,43019751,Wesley,Combs,True,Combs_37075
Charles Shields,Charles_Shields@oliver.org,19790704,54884063,Charles,Shields,True,Shields_4ea3c
Christopher Cline,Christopher_Cline@conrad.org,19580228,21240567,Christopher,Cline,True,Cline_b17cc
Victoria Lawson,Victoria_Lawson@snyder.com,19540412,24045823,Victoria,Lawson,True,Lawson_6d37f
Christopher Newman,Christopher_Newman@campbell.info,19950925,93133527,Christopher,Newman,True,Newman_d7b88
Michael Martinez,Michael_Martinez@hogan.net,19520711,40271975,Michael,Martinez,True,Martinez_f7c36
Kelly Bailey,Kelly_Bailey@cherry.info,19960217,43647431,Kelly,Bailey,True,Bailey_c3f8e
Dr. Paul Jones,Paul_Jones@clark-irwin.com,19940215,91301999,Paul,Jones,True,Jones_f903f
Danielle Tran,Danielle_Tran@mann.com,19880826,85246679,Danielle,Tran,True,Tran_40aaa
Jeff Freeman,Jeff_Freeman@guzman.com,20030520,13590655,Jeff,Freeman,True,Freeman_35a3d
Justin White,Justin_White@lucas-moore.info,20010721,34278303,Justin,White,True,White_8c0aa
Rachel Browning,Rachel_Browning@smith.info,19611017,19703607,Rachel,Browning,True,Browning_9332a
Marissa Jones,Marissa_Jones@lewis.net,19580608,32094119,Marissa,Jones,True,Jones_986c3
Elijah Roy,Elijah_Roy@jones-baldwin.com,19870507,57159015,Elijah,Roy,True,Roy_d0fea
John Fernandez Jr.,John_Fernandez@may.org,19800530,17232207,John,Fernandez Jr.,True,Fernandez Jr._f6199
Courtney Simpson,Courtney_Simpson@preston-cantrell.com,19730311,77314887,Courtney,Simpson,True,Simpson_d0126
Kimberly Hopkins,Kimberly_Hopkins@adams.com,19931022,67364511,Kimberly,Hopkins,True,Hopkins_56d12
William King,William_King@cline-allen.com,19841115,21561215,William,King,True,King_4ae33
Christopher Lester,Christopher_Lester@keller.org,19540504,79532575,Christopher,Lester,True,Lester_8140e
Stephanie Robertson,Stephanie_Robertson@owen-rodriguez.com,20020508,75259367,Stephanie,Robertson,True,Robertson_e101e
Rickey Hill,Rickey_Hill@parker-cohen.com,19640430,56465207,Rickey,Hill,True,Hill_bd6cc
Erika Stewart,Erika_Stewart@solis.com,19851226,83552695,Erika,Stewart,True,Stewart_40f40
Alicia Dean,Alicia_Dean@leon.org,19820716,32173895,Alicia,Dean,True,Dean_a395c
Christina Johnson,Christina_Johnson@clark.com,20010622,30262983,Christina,Johnson,True,Johnson_5dcd5
Jimmy Hall,Jimmy_Hall@spence-knapp.biz,19550930,45553567,Jimmy,Hall,True,Hall_220f8
Kelli Wells,Kelli_Wells@jones.com,19540803,27406215,Kelli,Wells,True,Wells_5f511
Gary Murphy,Gary_Murphy@singleton.info,19991210,96047135,Gary,Murphy,True,Murphy_9a0dd
Nathan Archer,Nathan_Archer@gray.com,19560723,72954367,Nathan,Archer,True,Archer_c6232
Andrew Gibson,Andrew_Gibson@yu-richardson.org,19530809,15513119,Andrew,Gibson,True,Gibson_f4157
Ian Deleon,Ian_Deleon@mullins-espinoza.org,19860703,36389911,Ian,Deleon,True,Deleon_0eecc
Michael Kline,Michael_Kline@phelps-alvarez.com,19650623,20968343,Michael,Kline,True,Kline_6fe75
Jay Merritt,Jay_Merritt@patterson.org,19841017,46065855,Jay,Merritt,True,Merritt_2aa87
Joshua Rodriguez,Joshua_Rodriguez@thornton-benitez.com,19530317,27953967,Joshua,Rodriguez,True,Rodriguez_1eec6
James Rodriguez,James_Rodriguez@logan.com,19810717,50981423,James,Rodriguez,True,Rodriguez_a7ea3
Robert Ortega,Robert_Ortega@perez.com,19600316,57040695,Robert,Ortega,True,Ortega_7f647
Teresa Ruiz,Teresa_Ruiz@holmes.com,19510409,22432447,Teresa,Ruiz,True,Ruiz_8ac44
Madison Mejia,Madison_Mejia@sims.com,19530323,73824679,Madison,Mejia,True,Mejia_10b0a
Brittany Joyce,Brittany_Joyce@thomas.biz,19601114,65804583,Brittany,Joyce,True,Joyce_342d3
James Bailey,James_Bailey@flynn.net,19860710,26146743,James,Bailey,True,Bailey_6dd20
Mary Perry,Mary_Perry@williams.net,19730808,57879711,Mary,Perry,True,Perry_e8625
Crystal Jones,Crystal_Jones@webb.com,19620914,39588047,Crystal,Jones,True,Jones_85733
Aaron Brown,Aaron_Brown@yates.com,19860205,43815191,Aaron,Brown,True,Brown_0522f
Kathleen Flynn,Kathleen_Flynn@boyd-king.biz,19870913,93605471,Kathleen,Flynn,True,Flynn_5b7fe
Tanya Barajas,Tanya_Barajas@davis.com,19740430,92793871,Tanya,Barajas,True,Barajas_c09f8
Samantha Rasmussen,Samantha_Rasmussen@stokes-leon.com,19940621,26634223,Samantha,Rasmussen,True,Rasmussen_0fcc4
Vincent Martin,Vincent_Martin@wright-lee.com,19840124,55457087,Vincent,Martin,True,Martin_92713
Tony Crawford,Tony_Crawford@moore.com,19870818,15997263,Tony,Crawford,True,Crawford_a2a35
Randy Sullivan,Randy_Sullivan@perez.net,19611025,15665967,Randy,Sullivan,True,Sullivan_7d828
Erica Pruitt,Erica_Pruitt@ross-lamb.biz,19800923,31838831,Erica,Pruitt,True,Pruitt_93ad0
Kimberly Thompson,Kimberly_Thompson@brewer-walters.net,20001112,88531623,Kimberly,Thompson,True,Thompson_5e06b
Martin Compton,Martin_Compton@morgan.com,19840206,42037887,Martin,Compton,True,Compton_7eba8
Hayley Gibson,Hayley_Gibson@calderon.info,19991208,50365367,Hayley,Gibson,True,Gibson_5efd1
Kenneth Cortez,Kenneth_Cortez@lewis.biz,20000518,39338615,Kenneth,Cortez,True,Cortez_2aba0
Tracy Brown,Tracy_Brown@joyce.com,19720823,26044711,Tracy,Brown,True,Brown_8baf8
Brenda Turner,Brenda_Turner@hampton.org,19550726,94128415,Brenda,Turner,True,Turner_f9621
Matthew Brown,Matthew_Brown@owens.org,19720606,21970879,Matthew,Brown,True,Brown_743de
Christopher Greene,Christopher_Greene@berry.org,19880101,82039695,Christopher,Greene,True,Greene_ff18a
Leslie Preston,Leslie_Preston@johns.com,19721005,71892959,Leslie,Preston,True,Preston_b78bc
Jay Parker,Jay_Parker@fowler.net,19930930,57583783,Jay,Parker,True,Parker_311d6
Lance Williams,Lance_Williams@williams.net,19730708,19310567,Lance,Williams,True,Williams_6c6eb
Christian Peterson,Christian_Peterson@arnold.biz,19760222,41536527,Christian,Peterson,True,Peterson_b235a
Kathleen Allen,Kathleen_Allen@cook.com,19860113,38829559,Kathleen,Allen,True,Allen_b02ca
Marie Lamb,Marie_Lamb@hampton.com,19791004,26841263,Marie,Lamb,True,Lamb_5c0e7
Nathan Flores,Nathan_Flores@gibbs.net,19790904,86883135,Nathan,Flores,True,Flores_b1169
Brandon Gonzalez,Brandon_Gonzalez@moore.info,19620131,80247655,Brandon,Gonzalez,True,Gonzalez_a73bb
Chase Reed,Chase_Reed@robbins.info,19580821,58795239,Chase,Reed,True,Reed_d45f4
Timothy Nichols,Timothy_Nichols@smith.biz,19680106,76207631,Timothy,Nichols,True,Nichols_6e3a4
Ashley Caldwell,Ashley_Caldwell@mason-bryant.com,19880309,13420663,Ashley,Caldwell,True,Caldwell_2d372
William Dunn,William_Dunn@wilkins.info,19570101,57063847,William,Dunn,True,Dunn_e5398
Jon James,Jon_James@owens.biz,19750120,53852103,Jon,James,True,James_0b802
Lindsay Brewer,Lindsay_Brewer@brown-stewart.info,19530818,38137071,Lindsay,Brewer,True,Brewer_a5019
Renee Martin,Renee_Martin@crawford-walker.com,19810421,55803823,Renee,Martin,True,Martin_caab2
Shelly Warren,Shelly_Warren@patterson-knight.info,19561208,11973823,Shelly,Warren,True,Warren_680ab
Keith Parker,Keith_Parker@moore.com,19640826,40120471,Keith,Parker,True,Parker_0793e
Thomas Turner,Thomas_Turner@boyer-santos.info,19730528,12514951,Thomas,Turner,True,Turner_cf891
Edward Pearson,Edward_Pearson@hester-richardson.info,19880227,49439343,Edward,Pearson,True,Pearson_19b26
Melissa Levy,Melissa_Levy@arroyo.com,19500330,51842935,Melissa,Levy,True,Levy_bef91
Brandon Powell,Brandon_Powell@craig-gonzales.net,19760606,43375815,Brandon,Powell,True,Powell_fe4b6
Vanessa Alvarez,Vanessa_Alvarez@allen.org,20000924,42263183,Vanessa,Alvarez,True,Alvarez_579c3
Kimberly Stone,Kimberly_Stone@murphy-bryant.com,19941205,25323999,Kimberly,Stone,True,Stone_23958
Adam Jones,Adam_Jones@ashley.com,19730316,55082935,Adam,Jones,True,Jones_575ba
Elizabeth Andersen,Elizabeth_Andersen@baker.com,19740123,69096535,Elizabeth,Andersen,True,Andersen_61066
Destiny Lutz,Destiny_Lutz@thompson-wright.com,19941204,87853607,Destiny,Lutz,True,Lutz_6aa1c
Brandy Allen,Brandy_Allen@hardy-griffin.com,19810113,92130799,Brandy,Allen,True,Allen_54dd1
Stephanie Decker,Stephanie_Decker@barrett.net,19770509,92626639,Stephanie,Decker,True,Decker_8b48e
Michelle Keller,Michelle_Keller@johnson.com,19510706,56139711,Michelle,Keller,True,Keller_86f7a
Loretta Haynes,Loretta_Haynes@stewart.info,19891215,73871583,Loretta,Haynes,True,Haynes_ac7ab
Stacey Yates,Stacey_Yates@lewis.com,19920812,30115967,Stacey,Yates,True,Yates_d9866
Sue Lee,Sue_Lee@rojas.com,19860829,97367575,Sue,Lee,True,Lee_f9df7
Anna Long,Anna_Long@coleman.com,19740316,52566967,Anna,Long,True,Long_850ab
Annette Watson,Annette_Watson@brown-brennan.com,19580423,67851175,Annette,Watson,True,Watson_6dc0c
James Thomas,James_Thomas@torres.net,19520905,58718239,James,Thomas,True,Thomas_12f3a
Kelli Olson,Kelli_Olson@campbell.net,19960723,50265023,Kelli,Olson,True,Olson_50aa7
Nicholas Hughes,Nicholas_Hughes@reed-wilson.org,19620804,27277679,Nicholas,Hughes,True,Hughes_ac066
Wesley Lowery,Wesley_Lowery@suarez.biz,19980620,33838415,Wesley,Lowery,True,Lowery_c4680
Becky Reid,Becky_Reid@vargas.net,19751027,37025287,Becky,Reid,True,Reid_1bdd4
Corey Mitchell,Corey_Mitchell@turner-thompson.org,19560203,65463735,Corey,Mitchell,True,Mitchell_11a90
Wesley Shaw,Wesley_Shaw@henderson-gibson.com,19830121,76819471,Wesley,Shaw,True,Shaw_afe1c
Pamela Boyd,Pamela_Boyd@freeman.com,19680628,25030751,Pamela,Boyd,True,Boyd_94bd7
Jeremy Lewis,Jeremy_Lewis@murray.com,19530701,44159519,Jeremy,Lewis,True,Lewis_58ed0
Jennifer Garza,Jennifer_Garza@herrera-klein.com,19890306,31999455,Jennifer,Garza,True,Garza_a7ba7
Chelsea Chen,Chelsea_Chen@coleman-haney.biz,19870504,63416567,Chelsea,Chen,True,Chen_15f36
Joseph Perry,Joseph_Perry@tucker.com,19510616,16254071,Joseph,Perry,True,Perry_b530f
Heather Herman,Heather_Herman@williams-lindsey.com,19710606,97877423,Heather,Herman,True,Herman_0ab62
Travis Johnson,Travis_Johnson@miller-rivera.org,19960508,56146735,Travis,Johnson,True,Johnson_8e87d
Laura Lopez,Laura_Lopez@rodriguez.com,19901221,72627367,Laura,Lopez,True,Lopez_ea347
Mr. Jeff Wilson,Jeff_Wilson@booker.biz,19500712,20197287,Jeff,Wilson,True,Wilson_4e455
Reginald Barnes,Reginald_Barnes@walker-robinson.com,19730214,19884399,Reginald,Barnes,True,Barnes_f462c
Kayla Brown,Kayla_Brown@pierce.info,19891018,54681543,Kayla,Brown,True,Brown_1ccca
Robert Weaver,Robert_Weaver@young-leonard.com,19820218,39131199,Robert,Weaver,True,Weaver_201e1
Beth Martinez,Beth_Martinez@johnson.com,19681225,87909191,Beth,Martinez,True,Martinez_204f4
Spencer Ware,Spencer_Ware@montgomery-lane.com,19800910,74599951,Spencer,Ware,True,Ware_b7eab
Willie Erickson,Willie_Erickson@bartlett.com,19911001,53673855,Willie,Erickson,True,Erickson_7ecf6
Robert Howard,Robert_Howard@kim.info,19670717,80566095,Robert,Howard,True,Howard_a8620
Katherine Smith,Katherine_Smith@bean-king.org,20031029,44340415,Katherine,Smith,True,Smith_9fa58
Mariah Garrison,Mariah_Garrison@hogan.biz,19971215,31527511,Mariah,Garrison,True,Garrison_6662e
Daniel Nguyen,Daniel_Nguyen@mccall.com,19590309,37673823,Daniel,Nguyen,True,Nguyen_2f0a2
Daniel Brown,Daniel_Brown@williams-schneider.biz,19650228,38844959,Daniel,Brown,True,Brown_5a1c6
Madeline Sandoval,Madeline_Sandoval@schultz-duncan.biz,19870402,32032871,Madeline,Sandoval,True,Sandoval_97707
Robert Dickerson,Robert_Dickerson@howard.biz,19570725,43682807,Robert,Dickerson,True,Dickerson_1afe6
Leonard Martinez,Leonard_Martinez@mcbride.com,19560922,14452319,Leonard,Martinez,True,Martinez_7564a
Jamie Higgins,Jamie_Higgins@francis.org,19611014,27639911,Jamie,Higgins,True,Higgins_d6968
Robert Stephens,Robert_Stephens@lopez.com,20000619,92784815,Robert,Stephens,True,Stephens_5a6e3
Jennifer Evans,Jennifer_Evans@gonzalez.org,19730203,72801079,Jennifer,Evans,True,Evans_e5dfd
Daniel Chen,Daniel_Chen@little.com,19520716,46750383,Daniel,Chen,True,Chen_7d3b1
Samuel Dalton,Samuel_Dalton@marquez.com,19960916,75194711,Samuel,Dalton,True,Dalton_32ce4
Heather Bennett,Heather_Bennett@hamilton-blair.com,20020501,64795847,Heather,Bennett,True,Bennett_3b82f
Joshua King,Joshua_King@hale.net,20000601,99342223,Joshua,King,True,King_f3369
Jasmine Flores,Jasmine_Flores@collins.info,19560410,21325447,Jasmine,Flores,True,Flores_bbaaa
Crystal Blake,Crystal_Blake@parker.com,19701117,97878511,Crystal,Blake,True,Blake_e7660
Beth Morales,Beth_Morales@leon-mayer.info,19860530,22507695,Beth,Morales,True,Morales_9779b
Joseph Wilson,Joseph_Wilson@rogers.biz,19891012,36511255,Joseph,Wilson,True,Wilson_b8896
Amanda Evans,Amanda_Evans@cox.com,19590224,92559519,Amanda,Evans,True,Evans_62a52
Trevor Valenzuela,Trevor_Valenzuela@cline-espinoza.info,19911109,67310711,Trevor,Valenzuela,True,Valenzuela_91989
Sergio Day,Sergio_Day@guzman-garrett.com,19510531,27091295,Sergio,Day,True,Day_69b70
Julie Boyd,Julie_Boyd@white-george.com,19690609,47949079,Julie,Boyd,True,Boyd_e1b0f
Logan Watkins,Logan_Watkins@hernandez.com,20001105,87081215,Logan,Watkins,True,Watkins_4b1ea
Steven Ortiz,Steven_Ortiz@hamilton.com,19670506,15073183,Steven,Ortiz,True,Ortiz_8f14e
Lisa Marquez,Lisa_Marquez@day-smith.com,19710326,18443671,Lisa,Marquez,True,Marquez_7aa36
Jennifer Martin,Jennifer_Martin@moore.com,19830527,83212175,Jennifer,Martin,True,Martin_82381
Arthur Chandler,Arthur_Chandler@martin.com,19611002,18438007,Arthur,Chandler,True,Chandler_acc13
Ronald Hudson,Ronald_Hudson@carson.com,19510310,66192423,Ronald,Hudson,True,Hudson_31f1d
Jennifer Lee,Jennifer_Lee@guerra-lopez.com,19500401,35305031,Jennifer,Lee,True,Lee_f2321
Gregory Yoder,Gregory_Yoder@robinson-johnson.com,19530620,75705319,Gregory,Yoder,True,Yoder_70108
Carolyn Harmon,Carolyn_Harmon@watts-horn.com,19980124,55977599,Carolyn,Harmon,True,Harmon_69598
Dr. Christopher Harrell,Christopher_Harrell@lindsey.com,19700630,52999479,Christopher,Harrell,True,Harrell_7257b
Kevin Johnson,Kevin_Johnson@rogers.com,19930208,15154639,Kevin,Johnson,True,Johnson_3549e
Michael Harrison,Michael_Harrison@franklin.com,19510819,29087871,Michael,Harrison,True,Harrison_087c8
Megan Montoya,Megan_Montoya@perez-rice.org,19780709,29894903,Megan,Montoya,True,Montoya_8f63f
Samantha George,Samantha_George@golden.info,19890331,58989271,Samantha,George,True,George_60252
Terry Moore,Terry_Moore@barker-ayers.com,19870615,19828167,Terry,Moore,True,Moore_c62aa
James Rogers,James_Rogers@green.net,19930407,65821255,James,Rogers,True,Rogers_c68d9
Kathleen Tran,Kathleen_Tran@wilson.net,19741102,20044927,Kathleen,Tran,True,Tran_bd397
Bryan Martinez,Bryan_Martinez@bennett-mitchell.info,19610604,45478631,Bryan,Martinez,True,Martinez_ad61a
Jacqueline Conway,Jacqueline_Conway@robinson-carson.com,19710617,91842383,Jacqueline,Conway,True,Conway_ae427
Maxwell Cole,Maxwell_Cole@larson.com,19510302,41796463,Maxwell,Cole,True,Cole_51334
Bethany Williamson,Bethany_Williamson@flores.com,19541003,40227935,Bethany,Williamson,True,Williamson_b834c
Joseph Wright,Joseph_Wright@powell.net,19570521,40768583,Joseph,Wright,True,Wright_f1b73
Heidi Bolton,Heidi_Bolton@spencer.com,19560616,58079023,Heidi,Bolton,True,Bolton_06e0a
Daniel Lewis,Daniel_Lewis@robertson.com,19770502,48084439,Daniel,Lewis,True,Lewis_9ee6e
Dale Ramirez,Dale_Ramirez@patton.com,19550323,59875791,Dale,Ramirez,True,Ramirez_63293
Carol Sharp,Carol_Sharp@garcia-lamb.com,19751203,18014567,Carol,Sharp,True,Sharp_19bdd
Joseph Buck,Joseph_Buck@jacobs.com,19521103,34270063,Joseph,Buck,True,Buck_0bafd
Lynn Anderson,Lynn_Anderson@williams-carter.com,19960113,75488911,Lynn,Anderson,True,Anderson_542fb
James Frost,James_Frost@graves.biz,19560322,30684495,James,Frost,True,Frost_83e31
Sarah Harris,Sarah_Harris@thomas-sanchez.com,20010530,52442775,Sarah,Harris,True,Harris_526ca
Tina Wood,Tina_Wood@schultz.org,19990824,51264359,Tina,Wood,True,Wood_e9467
Victor Owens,Victor_Owens@collins.com,19960815,53064383,Victor,Owens,True,Owens_620f1
Kimberly Koch,Kimberly_Koch@rodriguez.net,19870125,35893839,Kimberly,Koch,True,Koch_43971
Allison Obrien,Allison_Obrien@bailey-sanders.com,19620423,81154631,Allison,Obrien,True,Obrien_00e34
John Rogers,John_Rogers@oneill.com,19710509,21046575,John,Rogers,True,Rogers_83dc9
Janet Collins,Janet_Collins@farrell.com,19840721,89424095,Janet,Collins,True,Collins_120bd
Kathy White,Kathy_White@wang.info,20000615,91622367,Kathy,White,True,White_fae51
Trevor Brown,Trevor_Brown@stokes.info,19691030,45715591,Trevor,Brown,True,Brown_2e40b
Brandon Murphy,Brandon_Murphy@luna.info,19550904,33155895,Brandon,Murphy,True,Murphy_ad61c
Kristin Lawson,Kristin_Lawson@salinas.com,19761101,36661711,Kristin,Lawson,True,Lawson_a0aec
James Castaneda,James_Castaneda@miller-hart.com,19640126,64715807,James,Castaneda,True,Castaneda_7660a
Robert Ortiz,Robert_Ortiz@saunders-hunter.com,19760811,80296223,Robert,Ortiz,True,Ortiz_15465
Doris Meyer,Doris_Meyer@sullivan.org,19720209,22782935,Doris,Meyer,True,Meyer_f2287
Connie Harper,Connie_Harper@lewis.com,19950627,21369119,Connie,Harper,True,Harper_709ac
Tyler Parker,Tyler_Parker@sheppard.org,19540212,29910975,Tyler,Parker,True,Parker_bc827
Debbie Burns,Debbie_Burns@salinas.com,19830608,95570935,Debbie,Burns,True,Burns_77872
Kyle Morales,Kyle_Morales@perry.info,19991113,32120287,Kyle,Morales,True,Morales_d8cee
Gabriel Preston,Gabriel_Preston@black.com,19961120,88336263,Gabriel,Preston,True,Preston_b6298
Megan Sullivan,Megan_Sullivan@miller-ryan.org,19550223,31498887,Megan,Sullivan,True,Sullivan_40445
Brandon Orozco,Brandon_Orozco@greene.com,19870717,59988495,Brandon,Orozco,True,Orozco_02d2b
Kari Nguyen,Kari_Nguyen@farley.com,19991119,47980591,Kari,Nguyen,True,Nguyen_6f546
Mr. Joshua Ellis Jr.,Joshua_Ellis@gonzalez.biz,19960226,26531367,Joshua,Ellis Jr.,True,Ellis Jr._544ce
Briana Vega,Briana_Vega@potter-gomez.biz,19650828,45994079,Briana,Vega,True,Vega_98495
Brittany Hill,Brittany_Hill@rogers-hoffman.com,19870506,90817791,Brittany,Hill,True,Hill_3d175
Carrie Martinez,Carrie_Martinez@hendrix.com,19740124,96107743,Carrie,Martinez,True,Martinez_a7c33
Jessica Clark,Jessica_Clark@livingston.biz,19821217,56001455,Jessica,Clark,True,Clark_0bb22
Linda White,Linda_White@moore.com,19751015,84876711,Linda,White,True,White_e9960
Jake Spencer,Jake_Spencer@murphy.com,20020905,53533879,Jake,Spencer,True,Spencer_faef3
Joseph Chan,Joseph_Chan@hutchinson-gutierrez.com,19660922,19544079,Joseph,Chan,True,Chan_f9d1e
Gabriel Short,Gabriel_Short@fitzgerald-atkinson.org,19860109,93491919,Gabriel,Short,True,Short_13899
Kathleen Ali,Kathleen_Ali@horn-rogers.com,19960206,45338687,Kathleen,Ali,True,Ali_411ea
Danielle Stephens,Danielle_Stephens@miller.net,19610929,16838823,Danielle,Stephens,True,Stephens_baaae
Steve Ellis,Steve_Ellis@barton.info,19651213,55567535,Steve,Ellis,True,Ellis_7b029
Mrs. Sarah Rios,Sarah_Rios@winters.org,19691223,77288975,Sarah,Rios,True,Rios_86530
Brianna Schaefer,Brianna_Schaefer@nelson-mcmahon.com,19760312,34700887,Brianna,Schaefer,True,Schaefer_ff120
Gwendolyn Lane,Gwendolyn_Lane@higgins.biz,19550928,82893815,Gwendolyn,Lane,True,Lane_41295
Angela Morris,Angela_Morris@murray.com,19760207,89409391,Angela,Morris,True,Morris_d143a
Christopher Smith,Christopher_Smith@martinez-bradley.biz,19720128,45772799,Christopher,Smith,True,Smith_9e4e9
Andre West,Andre_West@herrera-rowe.biz,19571117,11479343,Andre,West,True,West_19736
Jessica Smith,Jessica_Smith@walsh-steele.com,19510531,97984639,Jessica,Smith,True,Smith_69b70
Michael Hall,Michael_Hall@johnson.biz,19570616,41115111,Michael,Hall,True,Hall_8de8e
Brenda Long,Brenda_Long@carter.net,19510914,45992583,Brenda,Long,True,Long_f0fca
Megan Taylor,Megan_Taylor@montgomery.com,19931005,12610975,Megan,Taylor,True,Taylor_7a3e1
Kelly Morales,Kelly_Morales@sanchez.com,19800227,44799815,Kelly,Morales,True,Morales_3cabc
Sheri Johnson,Sheri_Johnson@lucas.com,19880422,34118127,Sheri,Johnson,True,Johnson_5c594
Joshua Brown,Joshua_Brown@smith.biz,19621212,90875247,Joshua,Brown,True,Brown_6f7bf
Lori Pacheco,Lori_Pacheco@ayala.com,19620630,94662495,Lori,Pacheco,True,Pacheco_7ccf5
Sandra Schmidt,Sandra_Schmidt@herrera.com,19591107,50638143,Sandra,Schmidt,True,Schmidt_b6224
Ms. Rachel Hill,Rachel_Hill@gutierrez.com,19540212,55824367,Rachel,Hill,True,Hill_bc827
George Clark,George_Clark@hardin.biz,19650625,92490103,George,Clark,True,Clark_47c72
Emily Case,Emily_Case@lewis.com,19850805,90216215,Emily,Case,True,Case_86916
Seth Alvarez,Seth_Alvarez@conrad.com,19800801,90929927,Seth,Alvarez,True,Alvarez_f00bd
Jose Reyes,Jose_Reyes@garcia.com,19700929,94563263,Jose,Reyes,True,Reyes_0a636
Corey Russo,Corey_Russo@ramirez-williams.org,19560105,61159511,Corey,Russo,True,Russo_9d208
Zachary Le,Zachary_Le@whitaker.com,19851028,56441999,Zachary,Le,True,Le_44e84
Rhonda Anthony,Rhonda_Anthony@lawson.com,19740915,12850551,Rhonda,Anthony,True,Anthony_91ec3
Joseph Hill,Joseph_Hill@rodriguez-newton.com,20020923,89902687,Joseph,Hill,True,Hill_0d4d9
Erin Davis,Erin_Davis@sanchez.net,19600917,22992863,Erin,Davis,True,Davis_dbcb2
Lucas Brown,Lucas_Brown@miller.com,19890111,34675679,Lucas,Brown,True,Brown_e903c
William Garcia,William_Garcia@powell.com,19851209,25729991,William,Garcia,True,Garcia_f20c5
Anthony Mills,Anthony_Mills@chang.org,19830310,16676751,Anthony,Mills,True,Mills_9d04d
Lauren Swanson,Lauren_Swanson@pena-pierce.com,19610921,85204407,Lauren,Swanson,True,Swanson_b3ea5
John Frank,John_Frank@martin.com,19500519,42691023,John,Frank,True,Frank_4dfb9
Nicole Schmidt,Nicole_Schmidt@stephens.com,19650911,86157423,Nicole,Schmidt,True,Schmidt_8538c
Nathan Gray,Nathan_Gray@scott-gonzalez.com,19960618,48983767,Nathan,Gray,True,Gray_15cd6
Nichole Delgado,Nichole_Delgado@dixon-cruz.com,19720503,60338223,Nichole,Delgado,True,Delgado_746ec
Jessica Hawkins,Jessica_Hawkins@cooper-hall.org,19711224,98100079,Jessica,Hawkins,True,Hawkins_43c48
Marcus Rodriguez,Marcus_Rodriguez@jones.com,19691105,23424599,Marcus,Rodriguez,True,Rodriguez_32571
Sarah Reed,Sarah_Reed@lane.biz,19960907,26466911,Sarah,Reed,True,Reed_feaa6
Samuel Solomon,Samuel_Solomon@wolf.net,19871230,26166751,Samuel,Solomon,True,Solomon_23bae
Katrina Miller,Katrina_Miller@grimes.com,19540803,81240247,Katrina,Miller,True,Miller_5f511
Raymond Conner,Raymond_Conner@oneal-johnson.com,19970128,95736583,Raymond,Conner,True,Conner_71970
Lori Fuller,Lori_Fuller@gordon.com,19680101,54288255,Lori,Fuller,True,Fuller_9068b
Corey Wilson,Corey_Wilson@hoover-hernandez.com,19531110,39467535,Corey,Wilson,True,Wilson_4bdc8
Holly James,Holly_James@macdonald.com,19640411,62732175,Holly,James,True,James_fbbbd
Alicia Mccarty,Alicia_Mccarty@beasley.com,19820916,57669519,Alicia,Mccarty,True,Mccarty_a4b9d
Mr. Ryan Guzman,Ryan_Guzman@walker-hudson.biz,19621016,79930919,Ryan,Guzman,True,Guzman_2c0ed
Zoe Christian,Zoe_Christian@grant.com,19990319,22170983,Zoe,Christian,True,Christian_90eb3
Nicholas Watson,Nicholas_Watson@williams.com,19620304,72181751,Nicholas,Watson,True,Watson_4bf90
Victoria Wood,Victoria_Wood@proctor-baker.com,19910622,13955959,Victoria,Wood,True,Wood_67f27
Jillian Knight,Jillian_Knight@davenport.com,19880811,20417711,Jillian,Knight,True,Knight_64864
Ryan Fisher,Ryan_Fisher@fletcher.com,19871030,63505855,Ryan,Fisher,True,Fisher_27703
Stephanie Howe,Stephanie_Howe@allen.com,19630509,37283343,Stephanie,Howe,True,Howe_80a05
Kenneth Kim,Kenneth_Kim@duran.com,19990505,37818767,Kenneth,Kim,True,Kim_c0e4a
Andrew Macias,Andrew_Macias@douglas.com,19661013,28232535,Andrew,Macias,True,Macias_a4116
Elizabeth Huffman,Elizabeth_Huffman@zamora.com,19580918,15486151,Elizabeth,Huffman,True,Huffman_fb25a
Christina Stone,Christina_Stone@medina.com,19930320,34449775,Christina,Stone,True,Stone_9ab9f
Martin Garza,Martin_Garza@morris.info,19741221,28343727,Martin,Garza,True,Garza_565a5
Alexander Merritt,Alexander_Merritt@butler.net,19800913,33574735,Alexander,Merritt,True,Merritt_696fd
Mackenzie Anderson,Mackenzie_Anderson@welch.biz,19790522,34401951,Mackenzie,Anderson,True,Anderson_71b94
Kelly Sanders,Kelly_Sanders@coleman.com,19520413,29703695,Kelly,Sanders,True,Sanders_e9c2f
Matthew Jones,Matthew_Jones@arnold.com,20000615,98616991,Matthew,Jones,True,Jones_fae51
Sarah David,Sarah_David@collier.net,19981216,97218247,Sarah,David,True,David_39e9f
Carmen Barajas,Carmen_Barajas@smith.com,19810526,34685455,Carmen,Barajas,True,Barajas_62836
Angela Johnson,Angela_Johnson@stewart.com,19840827,62439103,Angela,Johnson,True,Johnson_5dcba
Melissa Sparks,Melissa_Sparks@sanchez-stevenson.com,19930208,27530863,Melissa,Sparks,True,Sparks_3549e
Elizabeth Barrera,Elizabeth_Barrera@gibbs.biz,20000816,15349719,Elizabeth,Barrera,True,Barrera_10054
Katherine Hill,Katherine_Hill@tran.com,19830918,37709951,Katherine,Hill,True,Hill_e971e
Kristin Hart,Kristin_Hart@ortega.com,19661217,36255543,Kristin,Hart,True,Hart_3b264
Jacqueline Ho,Jacqueline_Ho@henry.com,19610131,75359367,Jacqueline,Ho,True,Ho_73551
Michael Knight,Michael_Knight@davidson.com,19870804,71412263,Michael,Knight,True,Knight_d46f2
Heather Arroyo,Heather_Arroyo@martinez.com,19790907,36165719,Heather,Arroyo,True,Arroyo_80e53
Lori Larson,Lori_Larson@flowers.com,19630708,38397103,Lori,Larson,True,Larson_af4a6
David Vazquez,David_Vazquez@davila-beck.com,19901206,57160871,David,Vazquez,True,Vazquez_73e4f
Amber Mathis,Amber_Mathis@jensen-jensen.info,19680426,41337495,Amber,Mathis,True,Mathis_68b34
Jessica Knight,Jessica_Knight@mcdowell-jones.info,19680528,21071591,Jessica,Knight,True,Knight_513c8
Jessica Chavez,Jessica_Chavez@oliver.info,19950325,68367639,Jessica,Chavez,True,Chavez_302a3
Mrs. Grace Phillips,Grace_Phillips@foley-davis.info,19690531,71945055,Grace,Phillips,True,Phillips_fab0b
Sherry Hicks,Sherry_Hicks@stout-nicholson.com,19611127,12514111,Sherry,Hicks,True,Hicks_5e5f2
Jeffrey Dennis,Jeffrey_Dennis@simmons.org,19840211,25874695,Jeffrey,Dennis,True,Dennis_95c8f
Sarah Davila,Sarah_Davila@nash.com,19790609,46685303,Sarah,Davila,True,Davila_ee457
Karen Oneill,Karen_Oneill@gomez.com,19920410,72265879,Karen,Oneill,True,Oneill_fe1ad
Katie Gilmore,Katie_Gilmore@lopez.biz,19871019,83937223,Katie,Gilmore,True,Gilmore_a124d
Nicholas Mills,Nicholas_Mills@williams.com,19630110,68844231,Nicholas,Mills,True,Mills_924ce
Jennifer Montgomery,Jennifer_Montgomery@estrada-cole.com,19710715,53834071,Jennifer,Montgomery,True,Montgomery_1a334
Cynthia Bailey,Cynthia_Bailey@oneill.com,19790825,48942719,Cynthia,Bailey,True,Bailey_13beb
John Wright,John_Wright@harris.com,19831019,96650335,John,Wright,True,Wright_fefcf
Sheila Brown,Sheila_Brown@stevens-edwards.com,19821128,32490999,Sheila,Brown,True,Brown_565a7
Ashley Johnson,Ashley_Johnson@duarte.info,19860627,40141375,Ashley,Johnson,True,Johnson_8ef4f
Lisa Moore,Lisa_Moore@ramos.com,19941119,99493567,Lisa,Moore,True,Moore_a6529
Luis Brown,Luis_Brown@medina.org,19540924,86879631,Luis,Brown,True,Brown_58eac
Julian Newman,Julian_Newman@haynes.com,19580313,49873159,Julian,Newman,True,Newman_15a27
Thomas Ferguson,Thomas_Ferguson@guzman.com,19591213,28787319,Thomas,Ferguson,True,Ferguson_fb458
Lauren Rodriguez,Lauren_Rodriguez@soto.com,19931016,27106623,Lauren,Rodriguez,True,Rodriguez_a9b99
Richard Anderson,Richard_Anderson@white.com,19580706,66751511,Richard,Anderson,True,Anderson_76323
Jessica Lee,Jessica_Lee@brown-baxter.com,19670124,89410823,Jessica,Lee,True,Lee_7f12f
Desiree Pham,Desiree_Pham@gomez.org,19980918,21659871,Desiree,Pham,True,Pham_2772e
Martin Allen,Martin_Allen@steele.com,20020924,99969439,Martin,Allen,True,Allen_7a4f2
Angela Mitchell,Angela_Mitchell@moreno-evans.com,19690501,50190223,Angela,Mitchell,True,Mitchell_1a383
Derrick Sanchez,Derrick_Sanchez@mitchell.com,19700424,97980535,Derrick,Sanchez,True,Sanchez_9f266
Angela Ruiz,Angela_Ruiz@ramirez.org,19980922,32048807,Angela,Ruiz,True,Ruiz_4fd0b
David Weaver,David_Weaver@eaton.org,19920527,13469943,David,Weaver,True,Weaver_3aeb5
Bryan Lewis,Bryan_Lewis@guerrero-harris.org,19660703,41243367,Bryan,Lewis,True,Lewis_a66dc
Christine Ellis,Christine_Ellis@blackwell.com,19980617,69393823,Christine,Ellis,True,Ellis_b9ff0
Amanda Rodriguez,Amanda_Rodriguez@wagner.org,19670215,45111815,Amanda,Rodriguez,True,Rodriguez_b6c10
Alyssa Salinas,Alyssa_Salinas@robbins.com,19981007,41363847,Alyssa,Salinas,True,Salinas_4cb46
Mrs. Destiny Morris MD,Destiny_Morris@morris.biz,20020424,34213111,Destiny,Morris,True,Morris_fd4a9
Antonio Baker,Antonio_Baker@adams-harrison.biz,19590506,61275895,Antonio,Baker,True,Baker_1109d
Mr. Kevin Walsh,Kevin_Walsh@hamilton.net,19920508,63251375,Kevin,Walsh,True,Walsh_66f94
Kenneth Knox,Kenneth_Knox@zamora.com,19990626,47904991,Kenneth,Knox,True,Knox_d64ed
Steve Mitchell,Steve_Mitchell@adkins-russell.com,19751027,98789479,Steve,Mitchell,True,Mitchell_1bdd4
Craig Hendricks,Craig_Hendricks@garcia-higgins.com,19951018,51721063,Craig,Hendricks,True,Hendricks_a352c
Ricky Kerr,Ricky_Kerr@gonzalez-martinez.com,19510625,43238807,Ricky,Kerr,True,Kerr_a02d8
Gloria Aguilar,Gloria_Aguilar@dorsey-donaldson.com,19690606,69773231,Gloria,Aguilar,True,Aguilar_d3661
Jon Mcmillan,Jon_Mcmillan@mcmahon-taylor.biz,19920401,15207695,Jon,Mcmillan,True,Mcmillan_9e261
Alexander Knight,Alexander_Knight@doyle.com,19741208,41639975,Alexander,Knight,True,Knight_a334a
Joseph Cross,Joseph_Cross@mason-shaw.net,19530126,35750023,Joseph,Cross,True,Cross_36c08
Dr. Joel Myers PhD,Joel_Myers@smith-willis.net,19720920,49665991,Joel,Myers,True,Myers_1466d
Reginald Wheeler,Reginald_Wheeler@brown.biz,19870122,29179575,Reginald,Wheeler,True,Wheeler_b5a77
Michael Mckee,Michael_Mckee@gordon.com,20000917,87409327,Michael,Mckee,True,Mckee_92c0e
Mrs. Elizabeth Richard,Elizabeth_Richard@stewart.biz,19900210,70199975,Elizabeth,Richard,True,Richard_8e4a6
Roy Park,Roy_Park@rodriguez-west.com,19551029,69451423,Roy,Park,True,Park_a639e
Lisa Smith,Lisa_Smith@black.info,19580819,99884935,Lisa,Smith,True,Smith_f312f
Walter Wiggins,Walter_Wiggins@chen-morris.org,19790522,12487311,Walter,Wiggins,True,Wiggins_71b94
Jonathan Castro,Jonathan_Castro@sandoval.com,19700904,95059239,Jonathan,Castro,True,Castro_5c1f9
Richard Carroll,Richard_Carroll@massey-gardner.com,19610526,61422551,Richard,Carroll,True,Carroll_78391
Ashley Wright,Ashley_Wright@callahan-dixon.info,19810823,27446295,Ashley,Wright,True,Wright_7a20b
Michelle Fletcher,Michelle_Fletcher@anderson.com,19831024,15665159,Michelle,Fletcher,True,Fletcher_e6fff
Ashley Morris,Ashley_Morris@aguilar-wood.biz,19750329,17176967,Ashley,Morris,True,Morris_5c574
Carol Murphy,Carol_Murphy@lowe.com,19640317,54241135,Carol,Murphy,True,Murphy_ecd95
Michael Russell,Michael_Russell@orozco.com,19680803,24280095,Michael,Russell,True,Russell_4e5df
Shawna Andrews,Shawna_Andrews@freeman.com,19981115,12022295,Shawna,Andrews,True,Andrews_776f9
Veronica Obrien,Veronica_Obrien@oneill.biz,20001128,46421095,Veronica,Obrien,True,Obrien_a0d8f
Dana Hernandez,Dana_Hernandez@jackson.com,19940126,50236391,Dana,Hernandez,True,Hernandez_3d7b1
Amanda Bernard,Amanda_Bernard@gilmore.info,19861102,52780943,Amanda,Bernard,True,Bernard_5c327
Lauren Harris,Lauren_Harris@long.com,19781108,42605007,Lauren,Harris,True,Harris_14343
Sean Morales,Sean_Morales@molina.com,20030920,50605207,Sean,Morales,True,Morales_867f3
John Mendoza,John_Mendoza@mahoney.com,19850519,85845135,John,Mendoza,True,Mendoza_fa60d
Robert Johnson,Robert_Johnson@mathis.org,19571114,59478743,Robert,Johnson,True,Johnson_ba49d
Arthur Hogan,Arthur_Hogan@brown.biz,19820315,80309015,Arthur,Hogan,True,Hogan_5a330
Sierra Mcdaniel,Sierra_Mcdaniel@mata.com,20030713,77274903,Sierra,Mcdaniel,True,Mcdaniel_4de3f
Wendy Smith,Wendy_Smith@smith-webb.com,19700128,60349279,Wendy,Smith,True,Smith_85c0b
Leslie Diaz,Leslie_Diaz@thomas-shelton.com,19570430,57506727,Leslie,Diaz,True,Diaz_0bd1d
Grant Snyder,Grant_Snyder@gonzales.com,19731031,23872143,Grant,Snyder,True,Snyder_d3f05
Brandi Jenkins,Brandi_Jenkins@miller.com,19651228,79308567,Brandi,Jenkins,True,Jenkins_27fe6
Amy Haynes,Amy_Haynes@levy.com,19600314,41563455,Amy,Haynes,True,Haynes_18bc2
John Roberts,John_Roberts@hendricks.com,19540315,16513279,John,Roberts,True,Roberts_d606a
Gary Ryan,Gary_Ryan@wright-yu.org,19961010,78108759,Gary,Ryan,True,Ryan_74ba2
Carrie Nelson,Carrie_Nelson@archer-murphy.com,19510906,49242255,Carrie,Nelson,True,Nelson_82b88
Jacob Hood,Jacob_Hood@evans.com,19560802,24204143,Jacob,Hood,True,Hood_49403
Tracy Charles,Tracy_Charles@rowe.com,19930811,62200511,Tracy,Charles,True,Charles_31f3e
Brandon Johnson,Brandon_Johnson@ramirez.com,19850310,60862935,Brandon,Johnson,True,Johnson_56e3d
Wendy Nelson,Wendy_Nelson@day.com,19650801,59119063,Wendy,Nelson,True,Nelson_e8e0f
Melinda Wang,Melinda_Wang@west.biz,19770609,53607903,Melinda,Wang,True,Wang_3666e
Jasmine Ramsey,Jasmine_Ramsey@jackson.com,19500704,16447279,Jasmine,Ramsey,True,Ramsey_75147
William Beltran,William_Beltran@bean.com,19850313,16495975,William,Beltran,True,Beltran_b42ac
Gerald Stuart,Gerald_Stuart@strong.net,19951008,98421991,Gerald,Stuart,True,Stuart_08df4
Jacob Vaughan,Jacob_Vaughan@martinez.com,19830809,69615007,Jacob,Vaughan,True,Vaughan_8e8df
Tammy Thompson,Tammy_Thompson@jimenez.org,20020529,13111159,Tammy,Thompson,True,Thompson_9b317
Matthew Fuentes,Matthew_Fuentes@miranda.com,19660329,33411447,Matthew,Fuentes,True,Fuentes_0598c
April Carpenter,April_Carpenter@page.com,19710929,97274415,April,Carpenter,True,Carpenter_4acee
Rachel Garcia,Rachel_Garcia@neal.com,19961021,87786127,Rachel,Garcia,True,Garcia_d383b
Patrick Madden,Patrick_Madden@sanders.com,19940111,35389647,Patrick,Madden,True,Madden_e846a
Angela Myers,Angela_Myers@rodriguez.com,19740126,59457063,Angela,Myers,True,Myers_96365
Wayne Baker,Wayne_Baker@brown.com,19671227,92067207,Wayne,Baker,True,Baker_726e6
Haley Cox,Haley_Cox@lewis.com,19640110,27911351,Haley,Cox,True,Cox_2e2dc
Dan Sanders,Dan_Sanders@klein-hernandez.com,19500813,30043759,Dan,Sanders,True,Sanders_65a5d
Jeremy Butler,Jeremy_Butler@allen.biz,20010116,92810031,Jeremy,Butler,True,Butler_3fea8
Thomas Fisher,Thomas_Fisher@phillips.com,19850415,99090999,Thomas,Fisher,True,Fisher_cd40a
Taylor Lopez,Taylor_Lopez@jones-salazar.com,19570522,17889439,Taylor,Lopez,True,Lopez_d2a7d
Jeffrey Macias,Jeffrey_Macias@cox.com,19901003,98485783,Jeffrey,Macias,True,Macias_b438f
Brian Drake,Brian_Drake@hurst-price.net,19620211,83466007,Brian,Drake,True,Drake_a32f0
Crystal Fletcher,Crystal_Fletcher@lawrence.info,19610115,34430647,Crystal,Fletcher,True,Fletcher_d66cd
Timothy Jordan,Timothy_Jordan@young.com,19991228,77411263,Timothy,Jordan,True,Jordan_26d57
Kathy Leblanc,Kathy_Leblanc@warren-gray.com,19810227,69067343,Kathy,Leblanc,True,Leblanc_25e89
William Floyd,William_Floyd@duran.com,19720713,27758191,William,Floyd,True,Floyd_ee7c0
Angela Hayden,Angela_Hayden@barry.net,19960623,28574351,Angela,Hayden,True,Hayden_44dbe
Renee Hodges,Renee_Hodges@hamilton.com,19871228,63899519,Renee,Hodges,True,Hodges_c3205
Samantha Miller,Samantha_Miller@mcmahon.com,19650604,41451647,Samantha,Miller,True,Miller_13572
Sandra Houston,Sandra_Houston@cruz.org,20001102,88159159,Sandra,Houston,True,Houston_93d80
Nicole Perry,Nicole_Perry@ford.info,19530822,81236407,Nicole,Perry,True,Perry_a0904
Daniel Arnold,Daniel_Arnold@kaiser-robinson.info,19970910,88076335,Daniel,Arnold,True,Arnold_4045e
Leslie Lambert,Leslie_Lambert@sutton-aguirre.org,19810406,97188543,Leslie,Lambert,True,Lambert_5886e
Lauren Orozco,Lauren_Orozco@sanchez.com,20000126,71540231,Lauren,Orozco,True,Orozco_32e5d
Stacey Walker,Stacey_Walker@norton.biz,19900129,85917303,Stacey,Walker,True,Walker_f5f00
Julie Leon,Julie_Leon@montgomery.biz,19930313,60535175,Julie,Leon,True,Leon_3a2bb
Evan Page,Evan_Page@harrison.org,19940808,37848247,Evan,Page,True,Page_28484
April Owen,April_Owen@sanchez.com,19670923,16552967,April,Owen,True,Owen_1c1c8
Mr. Evan Russell,Evan_Russell@ferguson.net,19590120,75209343,Evan,Russell,True,Russell_eeae9
Dr. Edward Brooks,Edward_Brooks@lane.info,20000404,92929919,Edward,Brooks,True,Brooks_5ee94
Brent Castaneda,Brent_Castaneda@garcia.com,19580703,80875871,Brent,Castaneda,True,Castaneda_f22d0
Gregory Peters,Gregory_Peters@ray.net,19900209,78256247,Gregory,Peters,True,Peters_e27c8
Matthew Salazar,Matthew_Salazar@jones-jones.com,19991112,50895327,Matthew,Salazar,True,Salazar_bc3a9
Natasha Martinez,Natasha_Martinez@west.com,19680418,55194439,Natasha,Martinez,True,Martinez_fa7cb
Charles Powell,Charles_Powell@knight.com,19970609,47215879,Charles,Powell,True,Powell_3954e
Leah Perez,Leah_Perez@smith-burns.biz,19751109,34266271,Leah,Perez,True,Perez_deb09
Brian Powell,Brian_Powell@hernandez.com,19591115,67153775,Brian,Powell,True,Powell_c3379
Laura Sandoval,Laura_Sandoval@brown.com,19860913,17475623,Laura,Sandoval,True,Sandoval_6592d
Mr. Charles Gonzalez,Charles_Gonzalez@navarro.com,19710404,94465511,Charles,Gonzalez,True,Gonzalez_bc4a4
Nicholas Caldwell,Nicholas_Caldwell@hurley-bass.com,19770714,42525999,Nicholas,Caldwell,True,Caldwell_92d76
Brian Wyatt,Brian_Wyatt@wright-young.com,19581112,63631399,Brian,Wyatt,True,Wyatt_4c1f7
Ryan Garcia,Ryan_Garcia@vazquez-wells.com,19930815,26856535,Ryan,Garcia,True,Garcia_a540e
Joseph Bartlett,Joseph_Bartlett@thompson-espinoza.biz,19820215,99932903,Joseph,Bartlett,True,Bartlett_03923
Megan Anderson,Megan_Anderson@wilson-murillo.com,19700729,21736903,Megan,Anderson,True,Anderson_a86c0
Pamela Hughes,Pamela_Hughes@charles-costa.com,19870613,40181295,Pamela,Hughes,True,Hughes_5403f
Tiffany Scott,Tiffany_Scott@davis.com,19861011,76272207,Tiffany,Scott,True,Scott_8d6d8
Stanley Conway,Stanley_Conway@adams.com,19850509,71853567,Stanley,Conway,True,Conway_b0354
Yolanda Petty,Yolanda_Petty@dunlap-brown.com,19910125,69674519,Yolanda,Petty,True,Petty_89b4f
James Lopez,James_Lopez@werner.org,19790618,88866567,James,Lopez,True,Lopez_65a92
Kirk Donaldson,Kirk_Donaldson@roberts-mills.info,19791230,36131119,Kirk,Donaldson,True,Donaldson_c6b02
Tara Jones,Tara_Jones@blankenship.net,19850303,49275455,Tara,Jones,True,Jones_7290c
Evan Pruitt,Evan_Pruitt@brown.biz,19590321,55413567,Evan,Pruitt,True,Pruitt_56617
Karen Shaw,Karen_Shaw@trujillo.info,19750601,81014367,Karen,Shaw,True,Shaw_2b60b
George Williams,George_Williams@patton.com,19810319,69991287,George,Williams,True,Williams_c20d3
Lori Allen,Lori_Allen@valdez-phillips.com,20020916,28175727,Lori,Allen,True,Allen_8c000
Charles Kelly,Charles_Kelly@dalton.com,19690104,62777351,Charles,Kelly,True,Kelly_19719
Jonathan Villa,Jonathan_Villa@suarez.com,19750312,80471287,Jonathan,Villa,True,Villa_7f0b3
Cindy Jackson,Cindy_Jackson@garcia-burch.com,19670727,60954247,Cindy,Jackson,True,Jackson_40b1b
Scott Williams,Scott_Williams@keller-wong.com,19800803,85799255,Scott,Williams,True,Williams_09feb
Dylan Hernandez,Dylan_Hernandez@singleton-johnson.com,19950103,31405951,Dylan,Hernandez,True,Hernandez_93271
John Vazquez,John_Vazquez@rivera.biz,19620603,73810151,John,Vazquez,True,Vazquez_8fa80
Michele Jones,Michele_Jones@leach-taylor.org,19910319,18146159,Michele,Jones,True,Jones_974cf
Michelle Garcia,Michelle_Garcia@lynch.com,19801017,52895823,Michelle,Garcia,True,Garcia_6967c
Matthew Bailey,Matthew_Bailey@benjamin.com,19870728,39436023,Matthew,Bailey,True,Bailey_255ab
Curtis Flynn,Curtis_Flynn@cook-drake.com,19780926,58787463,Curtis,Flynn,True,Flynn_066c3
Thomas Perez,Thomas_Perez@greene-lopez.com,19630220,96377439,Thomas,Perez,True,Perez_7a5c3
Sheri Kline,Sheri_Kline@hinton.com,19940906,33546343,Sheri,Kline,True,Kline_f3c8c
Mr. Jeff Baker,Jeff_Baker@bentley.com,19670424,57871767,Jeff,Baker,True,Baker_4cd37
Robert Johnson,Robert_Johnson@burnett.org,19520518,42600607,Robert,Johnson,True,Johnson_a3713
Shannon Thomas,Shannon_Thomas@dawson-alexander.com,19680309,18892279,Shannon,Thomas,True,Thomas_21996
Jeffrey Murray,Jeffrey_Murray@jones.net,19821221,27473887,Jeffrey,Murray,True,Murray_8d3f7
Eric Hoffman,Eric_Hoffman@lang.info,19750425,99871415,Eric,Hoffman,True,Hoffman_f0c23
Kristin Wagner,Kristin_Wagner@clayton.com,19970129,66045343,Kristin,Wagner,True,Wagner_83f4e
Jessica Dixon,Jessica_Dixon@clark.org,19660816,76336767,Jessica,Dixon,True,Dixon_d2533
David Burton,David_Burton@glover-willis.org,19700204,19798095,David,Burton,True,Burton_909f6
Nicole Shea,Nicole_Shea@mcclure.com,19560201,28795599,Nicole,Shea,True,Shea_d5ebd
Alexander Hamilton,Alexander_Hamilton@allen-gillespie.org,19640411,28127271,Alexander,Hamilton,True,Hamilton_fbbbd
